uid,注册时间,up姓名,个性签名
102827756,Tue Feb  4 00:02:43 2020,-银色天然卷-,
168705417,Sun Jan 19 22:28:01 2020,あくあsuki,"这个人(懒)死了,什么都没有写ㄟ( ▔, ▔ )ㄏ"
327609715,Mon Dec 23 11:53:59 2019,很扯的少年,花晨月夕度三旬
13785623,Sun Oct 27 12:49:26 2019,VTB赛高哒屑,VTB什么的真是太棒了啊！
183364991,Thu Aug 22 10:29:59 2019,luaoguan,干言万语三个字我最帅
26320477,Wed Aug  7 14:46:32 2019,Eric23333,
18601171,Tue Aug  6 14:48:01 2019,西行寺铃铃子,"露西娅的绿粽子所属/咩夸民/湊DD/在读英专生/N2备考中
新年愿望是变龙！！！（不是"
3904901,Tue Jul 30 09:06:18 2019,唔姆唔姆Official,尼禄萌战应援…b萌一宣待机中
383291894,Mon Jul 29 13:18:31 2019,陌落的男人,阿婆主的收藏里有些好康的
32122734,Thu Jul 25 20:16:15 2019,chunyu123123,
1318944,Sat Jul 20 01:31:46 2019,結月藍,Noblisse Oblige
4145626,Fri Jul 19 06:35:03 2019,墨老大,FAq
65859442,Sun Jul  7 17:43:37 2019,王福贵儿,
65471873,Fri Jul  5 23:04:28 2019,风会停息い,
273435042,Mon Jul  1 23:32:51 2019,春风ting,
7163273,Mon Jun 10 17:05:52 2019,幽月光,百万岁月，千万旅程，无法阻挡思念的传达。
11560523,Mon Jun  3 12:33:31 2019,动漫Gin,哈哈哈哈哈哈哈哈
31319544,Fri May 24 19:24:54 2019,_Aya22,"いらっしゃいませ
11歳19级財布のロリです"
234021057,Sat May 18 10:26:02 2019,Rena-Scence,
16864587,Thu May  9 08:37:13 2019,稽毒犬来啦,
355606114,Thu Mar 21 07:48:09 2019,82955433665_bili,
24035199,Mon Feb 11 13:27:12 2019,小笼包先森,"我们应对未知保持敬畏和谦逊，愿意思考与求证。
梦想再大，也不嫌大。追梦的人再小，也不嫌小。
愿把美好的音乐∮带给你们~Q群485601624"
46893590,Mon Dec 10 22:37:23 2018,云云七哦,
373984125,Mon Dec 10 22:37:23 2018,牙齿不大的杨大牙,萌新UP主
45546238,Fri Oct 12 08:25:18 2018,felcher,
195486198,Thu Oct  4 21:48:50 2018,Bili_195486198,
33944728,Sun Sep  9 06:24:19 2018,斜日月生,
